epoch,image_AUROC,image_F1Score,pixel_AUROC,pixel_F1Score,step
1,0.4810185134410858,0.36496350169181824,0.6361457705497742,0.0,206
