epoch,image_AUROC,image_F1Score,pixel_AUROC,pixel_F1Score,step
1,0.5388889312744141,0.125,0.8542357087135315,0.08641975373029709,412
