epoch,image_AUROC,image_F1Score,pixel_AUROC,pixel_F1Score,step
1,0.504706859588623,0.2786885201931,0.6380990743637085,0.0,52
